{
    "模型": [
        "yolov5nu",
        "yolov8x",
        "yolov9e",
        "yolov10x",
        "yolov8n",
        "yolo11n",
        "yolov5xu",
        "yolov9t",
        "yolo11x",
        "yolov10n"
    ],
    "mAP@0.5:0.95": [
        0.6618054672049118,
        0.7043536892289777,
        0.7019014238473646,
        0.7188857999601416,
        0.6612158409826501,
        0.651473412176612,
        0.7025257092214171,
        0.6587859026801692,
        0.6921099098805209,
        0.6648580764238444
    ],
    "mAP@0.5": [
        0.8899469605750584,
        0.8894368085870271,
        0.8794077658776944,
        0.8791212001676855,
        0.8823208171991317,
        0.8834534790212639,
        0.8736194383115743,
        0.8901558735358818,
        0.8804858570363728,
        0.8888213910716534
    ],
    "mAP@0.75": [
        0.7604615473691544,
        0.7637657523252267,
        0.7638550949029878,
        0.7712040012153115,
        0.7322768012508071,
        0.7214524158264687,
        0.7583692278392474,
        0.7399076514972125,
        0.7569080732573453,
        0.7546190199019441
    ],
    "每类mAP": [
        [
            0.5568908490132254,
            0.7719924910110969,
            0.7543043297258296,
            0.593485919287506,
            0.6429071460093415,
            0.727205182672812,
            0.5858523527145707
        ],
        [
            0.6335421464075216,
            0.7837685345732133,
            0.7712140670862543,
            0.6760481127888383,
            0.6733387730670686,
            0.7602304484825482,
            0.6323337421974001
        ],
        [
            0.6404955075713087,
            0.8013301968481841,
            0.7490490630067789,
            0.6874174905358721,
            0.6598665791432456,
            0.7519676715148831,
            0.6231834583112797
        ],
        [
            0.6384030594199106,
            0.832243040423591,
            0.7332985640891868,
            0.6954401855850247,
            0.7100116372507778,
            0.781605425343104,
            0.6411986876093956
        ],
        [
            0.5831558368252605,
            0.7846771772424234,
            0.745078400786057,
            0.5882647857690741,
            0.5920513138223977,
            0.740077635335316,
            0.5952057370980224
        ],
        [
            0.589643748952575,
            0.7531565285160604,
            0.6883861127438158,
            0.5837710827619168,
            0.6129739289717742,
            0.7301190171004743,
            0.6022634661896672
        ],
        [
            0.6533186900152199,
            0.7890302203493366,
            0.7053901553741387,
            0.681152517850913,
            0.6993227505480462,
            0.7508529171456478,
            0.6386127132666178
        ],
        [
            0.5844502847905562,
            0.7568290660049637,
            0.7704410265210928,
            0.5850734042509085,
            0.6308872364258518,
            0.7067935072911843,
            0.577026793476627
        ],
        [
            0.625516723046219,
            0.7991738671879641,
            0.7035193624708624,
            0.6733462751062993,
            0.6704721646511335,
            0.7489152008974875,
            0.6238257758036808
        ],
        [
            0.58382136528305,
            0.7897268276293727,
            0.7407398968825947,
            0.5994272115436605,
            0.6369119069620384,
            0.7196895252969655,
            0.5836898013692283
        ]
    ],
    "预处理时间 (ms)": [
        0.6292982878188741,
        0.5669022037972152,
        0.587755198931802,
        0.5457217876727765,
        0.7260768122263085,
        0.6398518160996933,
        0.5103813577021948,
        0.6715604083031012,
        0.5793398861431968,
        0.5235488598163311
    ],
    "推理时间 (ms)": [
        2.050317250765287,
        17.041467433601483,
        24.738393757677727,
        17.922619349276857,
        1.4629817116853878,
        1.8257663260757653,
        16.60260895258701,
        2.590349896461176,
        17.353972158820383,
        1.7962380232314719
    ],
    "后处理时间 (ms)": [
        1.809984310719762,
        1.6408932155074039,
        1.397241834062257,
        0.68663418023295,
        0.9949919325194209,
        1.0304548082308531,
        2.250212889451247,
        0.9566707309015197,
        1.495965465701004,
        0.21624349361091716
    ],
    "总推理时间 (ms)": [
        4.489599849303923,
        19.249262852906103,
        26.723390790671786,
        19.154975317182583,
        3.1840504564311174,
        3.4960729504063117,
        19.36320319974045,
        4.218581035665797,
        19.429277510664583,
        2.53603037665872
    ],
    "每秒帧数 (FPS)": [
        487.7293987682867,
        58.68039263028792,
        40.42299632689949,
        55.795415865948634,
        683.5355438913707,
        547.7152172859728,
        60.231497522814365,
        386.04823285308163,
        57.623695073852986,
        556.7190912710878
    ],
    "模型权重大小 (MB)": [
        5.087275505065918,
        130.4472532272339,
        111.88614082336426,
        61.23051643371582,
        6.066683769226074,
        5.304827690124512,
        186.04235744476318,
        4.498231887817383,
        109.1474781036377,
        5.560351371765137
    ]
}